万古神帝,飞天鱼,http://chuangshi.qq.com/bk/xh/21058239
开局签到荒古圣体,J神,http://chuangshi.qq.com/bk/xh/413455
垂钓之神,会狼叫的猪,http://chuangshi.qq.com/bk/xh/35459254
开局签到如来神掌,回到原初,http://chuangshi.qq.com/bk/xh/16488029
万道龙皇,牧童听竹,http://chuangshi.qq.com/bk/xh/14997217
开局十连抽然后无敌,流风笑,http://chuangshi.qq.com/bk/xh/26168103
九天神皇,叶之凡,http://chuangshi.qq.com/bk/xh/13360762
从西游开始练习反套路,就是喜欢吃肉,http://chuangshi.qq.com/bk/xh/13650712
万界试炼场只有我知道剧情,妖炁,http://chuangshi.qq.com/bk/xh/421661
武破九荒,无敌小贝,http://chuangshi.qq.com/bk/xh/445834
惊天剑帝,帝剑一,http://chuangshi.qq.com/bk/xh/13740740
万道剑尊,打死都要钱,http://chuangshi.qq.com/bk/xh/35303374
永恒圣帝,千寻月,http://chuangshi.qq.com/bk/xh/36160636
九幽天帝,给力,http://chuangshi.qq.com/bk/xh/32022107
我在少林签到万年,森萝万象,http://chuangshi.qq.com/bk/xh/15783385
开局妹妹被夺混沌血,淡黄的衣裙,http://chuangshi.qq.com/bk/xh/25268075
低调做皇帝,随遇者,http://chuangshi.qq.com/bk/xh/36763499
掌门师叔不可能是凡人,混沌冬瓜精,http://chuangshi.qq.com/bk/xh/19599637
九阳帝尊,剑棕,http://chuangshi.qq.com/bk/xh/35266312
造化神宫,太九,http://chuangshi.qq.com/bk/xh/21033516
逆转西游开局气哭如来,糖炖老鹅,http://chuangshi.qq.com/bk/xh/15059140
开局签到祖龙之血,十一刀,http://chuangshi.qq.com/bk/xh/26383021
我镇守了宇宙边荒百万年,做人要讲武德,http://chuangshi.qq.com/bk/xh/31990356
从锦衣卫开始无敌,亡命客,http://chuangshi.qq.com/bk/xh/29438231
开局签到修真套路王,陈多疑,http://chuangshi.qq.com/bk/xh/22466496
签到百年我成为万古大帝,荒凉记忆,http://chuangshi.qq.com/bk/xh/13639697
万古第一龙,龙不器,http://chuangshi.qq.com/bk/xh/33383887
我从禁地来,大橘叭,http://chuangshi.qq.com/bk/xh/23474013
穿越后加错点怎么办,真的亦沉醉,http://chuangshi.qq.com/bk/xh/15266699
召唤神话之万古一帝,萌萌的卤蛋,http://chuangshi.qq.com/bk/xh/565889
低调为王,庞飞烟,http://chuangshi.qq.com/bk/xh/23317695
太古吞噬诀,玄月飞雪,http://chuangshi.qq.com/bk/xh/34658823
穿越大反派：开局狂砍女帝,一叶知江,http://chuangshi.qq.com/bk/xh/27129482
剑域神王,鱼头初六,http://chuangshi.qq.com/bk/xh/26253822
鸿天神尊,徐三甲,http://chuangshi.qq.com/bk/xh/33207706
我每天都能获得一种天赋,封山十月,http://chuangshi.qq.com/bk/xh/22010412
从始皇陵逃出的长生草,不吃饭的沓子,http://chuangshi.qq.com/bk/xh/13669798
横推从签到盘古圣体开始,游戏文字,http://chuangshi.qq.com/bk/xh/33812075
开局拥有百亿年修为,白面刺客,http://chuangshi.qq.com/bk/xh/13807907
仙帝竟是我自己,三冠绝尘,http://chuangshi.qq.com/bk/xh/29644654
开局一元秒杀满级拔刀术,林中小木屋,http://chuangshi.qq.com/bk/xh/11444870
镇世武神,剑苍云,http://chuangshi.qq.com/bk/xh/33995255
玄门天尊系统,凌空虚踏,http://chuangshi.qq.com/bk/xh/35305285
开局我成了反派大魔头的男,女神来自火星,http://chuangshi.qq.com/bk/xh/27223274
玄黄龙皇,刘时赞,http://chuangshi.qq.com/bk/xh/27982578
斗罗之老祖漫游,灯下念,http://chuangshi.qq.com/bk/xh/32759748
九龙石蛋,小角色成大仙,http://chuangshi.qq.com/bk/xh/29450662
异界召唤之君临天下,在下喜欢美食,http://chuangshi.qq.com/bk/xh/36040570
开局签到我是扫地僧,叶升龙,http://chuangshi.qq.com/bk/xh/25831262
万蛊虫皇,心雨愁.MC,http://chuangshi.qq.com/bk/xh/20939806
